,MAE,RMSE,MAPE (%),R²,Directional Acc (%)
C1,0.009929534047842026,0.01308225467801094,287.2416687011719,-0.08225584030151367,53.333333333333336
C2,0.010167211294174194,0.01360166072845459,873.6360473632812,-0.169899582862854,66.66666666666666
C3,0.01323864795267582,0.016633234918117523,1531.926025390625,-0.7495169639587402,33.33333333333333
