,MAE,RMSE,MAPE (%),R²,Directional Acc (%)
C1,0.009778007864952087,0.012957188300788403,193.80882263183594,-0.005722403526306152,60.0
C2,0.011403513140976429,0.014577494002878666,1193.9835205078125,-0.27298200130462646,48.57142857142857
C3,0.010652096942067146,0.013692425563931465,758.41064453125,-0.12309718132019043,51.42857142857142
